﻿<parameters>
  <parameter name="IIS Web Application Name" defaultValue="Default Web Site/" tags="IisApp">
    <parameterEntry kind="ProviderPath" scope="IisApp" match="^D:\\Coding\\RTES_WEB_Project\\RTESWebProjectMVC\\obj\\Debug\\Package\\PackageTmp$" />
    <parameterEntry kind="ProviderPath" scope="setAcl" match="^D:\\Coding\\RTES_WEB_Project\\RTESWebProjectMVC\\obj\\Debug\\Package\\PackageTmp$" />
  </parameter>
  <parameter name="DefaultConnection-Web.config Connection String" description="DefaultConnection Connection String used in web.config by the application to access the database." defaultValue="Data Source=(LocalDb)\MSSQLLocalDB;AttachDbFilename=|DataDirectory|\aspnet-RTESWebProjectMVC-20170325012604.mdf;Initial Catalog=aspnet-RTESWebProjectMVC-20170325012604;Integrated Security=True" tags="SqlConnectionString">
    <parameterEntry kind="XmlFile" scope="D:\\Coding\\RTES_WEB_Project\\RTESWebProjectMVC\\obj\\Debug\\Package\\PackageTmp\\Web\.config$" match="/configuration/connectionStrings/add[@name='DefaultConnection']/@connectionString" />
  </parameter>
  <parameter name="ec2amaz-ur1qpf7.rtes.dbo-Web.config Connection String" description="ec2amaz-ur1qpf7.rtes.dbo Connection String used in web.config by the application to access the database." defaultValue="metadata=res://*/Models.rtesEntities1.csdl|res://*/Models.rtesEntities1.ssdl|res://*/Models.rtesEntities1.msl;provider=System.Data.SqlClient;provider connection string=&quot;data source=EC2AMAZ-UR1QPF7;initial catalog=rtes;integrated security=True;MultipleActiveResultSets=True;App=EntityFramework&quot;" tags="SqlConnectionString">
    <parameterEntry kind="XmlFile" scope="D:\\Coding\\RTES_WEB_Project\\RTESWebProjectMVC\\obj\\Debug\\Package\\PackageTmp\\Web\.config$" match="/configuration/connectionStrings/add[@name='ec2amaz-ur1qpf7.rtes.dbo']/@connectionString" />
  </parameter>
  <parameter name="rtesEntities1-Web.config Connection String" description="rtesEntities1 Connection String used in web.config by the application to access the database." defaultValue="metadata=res://*/Models.rtesEntities1.csdl|res://*/Models.rtesEntities1.ssdl|res://*/Models.rtesEntities1.msl;provider=System.Data.SqlClient;provider connection string='data source=&quot;rteswebproject.cof8z1sjrckr.us-west-2.rds.amazonaws.com, 1433&quot;;initial catalog=rtes;persist security info=True;user id=rtes1989;password=Vladshai89;MultipleActiveResultSets=True;App=EntityFramework'" tags="SqlConnectionString">
    <parameterEntry kind="XmlFile" scope="D:\\Coding\\RTES_WEB_Project\\RTESWebProjectMVC\\obj\\Debug\\Package\\PackageTmp\\Web\.config$" match="/configuration/connectionStrings/add[@name='rtesEntities1']/@connectionString" />
  </parameter>
</parameters>